,LocNameHeb,pop_approx,ReligionHeb,hh_MidatDatiyut
1,אבו גוש,8660,מוסלמים,דתי/ דתי מאוד
2,אבו סנאן,13900,מוסלמים,מסורתי
3,אבו קורינאת (יישוב),2370,מוסלמים,אחר
4,אבו תלול,4980,מוסלמים,מסורתי
5,אבטין,2750,מוסלמים,מסורתי
6,אבטליון,470,יהודים,חילוני
7,אביאל,770,יהודים,חילוני
8,אביבים,490,יהודים,דתי/ דתי מאוד
9,אביגדור,840,יהודים,חילוני
10,אביחיל,1290,יהודים,חילוני
11,אביטל,610,יהודים,מסורתי
12,אביעזר,910,יהודים,חילוני
13,אבירים,280,יהודים,חילוני
14,אבן יהודה,14990,יהודים,חילוני
15,אבן מנחם,390,יהודים,מסורתי
16,אבן ספיר,710,יהודים,מסורתי
17,אבן שמואל,1950,יהודים,דתי/ דתי מאוד
18,אבני איתן,960,יהודים,דתי/ דתי מאוד
19,אבני חפץ,2210,יהודים,דתי/ דתי מאוד
20,אבנת,240,יהודים,דתי/ דתי מאוד
21,אבשלום,360,יהודים,חילוני
22,אדורה,490,יהודים,מסורתי
23,אדירים,360,יהודים,דתי/ דתי מאוד
24,אדמית,400,יהודים,חילוני
25,אדרת,1080,יהודים,דתי/ דתי מאוד
26,אודים,1230,יהודים,חילוני
27,אודם,260,יהודים,חילוני
28,אוהד,650,יהודים,חילוני
29,אום אל-פחם,57560,מוסלמים,מסורתי
30,אום אל-קוטוף,1200,מוסלמים,דתי/ דתי מאוד
31,אום בטין,4970,מוסלמים,דתי/ דתי מאוד
32,אומן,760,יהודים,מסורתי
33,אומץ,810,יהודים,חילוני
34,אופקים,35360,יהודים,מסורתי
35,אור הגנוז,680,יהודים,חרדי
36,אור הנר,910,יהודים,חילוני
37,אור יהודה,36850,יהודים,מסורתי
38,אור עקיבא,22170,יהודים,חילוני
39,אורה,1400,יהודים,חילוני
40,אורות,540,יהודים,חילוני
41,אורטל,370,יהודים,חילוני
42,אורים,430,יהודים,חילוני
43,אורנית,9980,יהודים,חילוני
44,אושה,530,יהודים,חילוני
45,אזור,13190,יהודים,חילוני
46,אחווה,380,יהודים,חילוני
47,אחוזם,510,יהודים,מסורתי
48,אחוזת ברק,2510,יהודים,חילוני
49,אחיהוד,1080,יהודים,דתי/ דתי מאוד
50,אחיטוב,1380,יהודים,חילוני
51,אחיסמך,1450,יהודים,מסורתי
52,אחיעזר,2200,יהודים,דתי/ דתי מאוד
53,אייל,600,יהודים,חילוני
54,איילת השחר,1110,יהודים,חילוני
55,אילון,1170,יהודים,חילוני
56,אילות,380,יהודים,חילוני
57,אילנייה,530,יהודים,חילוני
58,אילת,55210,יהודים,חילוני
59,אירוס,970,יהודים,חילוני
60,איתמר,1490,יהודים,דתי/ דתי מאוד
61,איתן,720,יהודים,דתי/ דתי מאוד
62,אכסאל,14650,מוסלמים,מסורתי
63,אל -עזי,190,מוסלמים,דתי/ דתי מאוד
64,אל -עריאן,200,מוסלמים,דתי/ דתי מאוד
65,אל -רום,500,יהודים,חילוני
66,אל סייד,5530,מוסלמים,מסורתי
67,אלומה,1350,יהודים,דתי/ דתי מאוד
68,אלומות,490,יהודים,חילוני
69,אלון הגליל,1060,יהודים,חילוני
70,אלון מורה,2110,יהודים,דתי/ דתי מאוד
71,אלון שבות,3290,יהודים,דתי/ דתי מאוד
72,אלוני אבא,930,יהודים,חילוני
73,אלוני הבשן,450,יהודים,דתי/ דתי מאוד
74,אלונים,710,יהודים,חילוני
75,אלי-עד,570,יהודים,חילוני
76,אליאב,720,יהודים,דתי/ דתי מאוד
77,אליכין,3930,יהודים,מסורתי
78,אליפז,180,יהודים,חילוני
79,אליפלט,730,יהודים,מסורתי
80,אליקים,950,יהודים,דתי/ דתי מאוד
81,אלישיב,700,יהודים,מסורתי
82,אלישמע,1210,יהודים,מסורתי
83,אלמגור,540,יהודים,חילוני
84,אלמוג,310,יהודים,חילוני
85,אלעד,48820,יהודים,חרדי
86,אלעזר,2460,יהודים,דתי/ דתי מאוד
87,אלפי מנשה,8070,יהודים,חילוני
88,אלקוש,290,יהודים,מסורתי
89,אלקנה,4140,יהודים,דתי/ דתי מאוד
90,אמונים,1060,יהודים,חילוני
91,אמירים,810,יהודים,חילוני
92,אמנון,500,יהודים,חילוני
93,אמציה,190,יהודים,חילוני
94,אניעם,490,יהודים,חילוני
95,אספר,1200,יהודים,חרדי
96,אעבלין,13360,מוסלמים,מסורתי
97,אפיק,380,יהודים,חילוני
98,אפיקים,1060,יהודים,חילוני
99,אפק,710,יהודים,חילוני
100,אפרת,12080,יהודים,דתי/ דתי מאוד
101,ארבל,750,יהודים,חילוני
102,ארגמן,150,יהודים,חילוני
103,ארז,600,יהודים,חילוני
104,אריאל,21430,יהודים,חילוני
105,ארסוף,160,יהודים,חילוני
106,אשבול,690,יהודים,מסורתי
107,אשבל,150,יהודים,חילוני
108,אשדוד,227870,יהודים,חילוני
109,אשדות יעקב (איחוד),950,יהודים,חילוני
110,אשדות יעקב (מאוחד),850,יהודים,חילוני
111,אשחר,930,יהודים,דתי/ דתי מאוד
112,אשכולות,620,יהודים,חילוני
113,אשלים,710,יהודים,חילוני
114,אשקלון,152370,יהודים,חילוני
115,אשרת,580,יהודים,חילוני
116,אשתאול,1150,יהודים,חילוני
117,באקה אל-גרביה,29870,מוסלמים,דתי/ דתי מאוד
118,באר אורה,1300,יהודים,חילוני
119,באר גנים,2460,יהודים,דתי/ דתי מאוד
120,באר טוביה,1400,יהודים,חילוני
121,באר יעקב,31440,יהודים,חילוני
122,באר מילכה,300,יהודים,חילוני
123,באר שבע,217580,יהודים,חילוני
124,בארות יצחק,500,יהודים,דתי/ דתי מאוד
125,בארותיים,1140,יהודים,חילוני
126,בארי,1140,יהודים,חילוני
127,בוסתן הגליל,1020,יהודים,חילוני
128,בועיינה-נוג'ידאת,10090,מוסלמים,מסורתי
129,בוקעאתא,6720,דרוזים,מסורתי
130,בורגתה,1080,יהודים,חילוני
131,בחן,1100,יהודים,חילוני
132,בטחה,890,יהודים,מסורתי
133,ביצרון,1300,יהודים,חילוני
134,ביר אל-מכסור,10510,מוסלמים,מסורתי
135,ביר הדאג',2580,מוסלמים,מסורתי
136,בירייה,1010,יהודים,מסורתי
137,בית אורן,530,יהודים,חילוני
138,בית אל,5630,יהודים,דתי/ דתי מאוד
139,בית אלעזרי,1660,יהודים,חילוני
140,בית אלפא,1190,יהודים,חילוני
141,בית אריה-עופרים,5370,יהודים,חילוני
142,בית ג'ן,12040,דרוזים,מסורתי
143,בית גוברין,470,יהודים,חילוני
144,בית גמליאל,1040,יהודים,דתי/ דתי מאוד
145,בית דגן,7620,יהודים,חילוני
146,בית הגדי,1050,יהודים,דתי/ דתי מאוד
147,בית הלוי,820,יהודים,חילוני
148,בית הלל,870,יהודים,חילוני
149,בית העמק,780,יהודים,חילוני
150,בית הערבה,500,יהודים,מסורתי
151,בית השיטה,1460,יהודים,חילוני
152,בית זיד,90,יהודים,חילוני
153,בית זית,1600,יהודים,חילוני
154,בית זרע,780,יהודים,חילוני
155,בית חורון,1500,יהודים,דתי/ דתי מאוד
156,בית חירות,900,יהודים,חילוני
157,בית חלקיה,1290,יהודים,חרדי
158,בית חנן,640,יהודים,חילוני
159,בית חנניה,860,יהודים,חילוני
160,בית חשמונאי,2160,יהודים,חילוני
161,בית יהושע,1110,יהודים,חילוני
162,בית יוסף,650,יהודים,מסורתי
163,בית ינאי,320,יהודים,חילוני
164,בית יצחק-שער חפר,2310,יהודים,חילוני
165,בית לחם הגלילית,840,יהודים,חילוני
166,בית מאיר,720,יהודים,דתי/ דתי מאוד
167,בית נחמיה,1080,יהודים,חילוני
168,בית ניר,650,יהודים,חילוני
169,בית נקופה,710,יהודים,חילוני
170,בית עובד,300,יהודים,חילוני
171,בית עוזיאל,660,יהודים,מסורתי
172,בית עזרא,1180,יהודים,חילוני
173,בית עריף,1170,יהודים,חילוני
174,בית קמה,1070,יהודים,חילוני
175,בית קשת,690,יהודים,חילוני
176,בית רימון,950,יהודים,דתי/ דתי מאוד
177,בית שאן,19820,יהודים,מסורתי
178,בית שמש,145550,יהודים,חרדי
179,בית שערים,710,יהודים,חילוני
180,בית שקמה,870,יהודים,מסורתי
181,ביתן אהרן,200,יהודים,חילוני
182,ביתר עילית,65660,יהודים,חרדי
183,בלפוריה,600,יהודים,חילוני
184,בן זכאי,1000,יהודים,מסורתי
185,בן עמי,810,יהודים,חילוני
186,בן שמן (מושב),820,יהודים,חילוני
187,בני ברק,216870,יהודים,חרדי
188,בני דקלים,1700,יהודים,דתי/ דתי מאוד
189,בני דרום,990,יהודים,דתי/ דתי מאוד
190,בני דרור,1310,יהודים,חילוני
191,בני יהודה,1200,יהודים,חילוני
192,בני נצרים,1080,יהודים,דתי/ דתי מאוד
193,בני עטרות,960,יהודים,חילוני
194,"בני עי""ש",6740,יהודים,חילוני
195,בני ציון,1210,יהודים,חילוני
196,בני ראם,1370,יהודים,דתי/ דתי מאוד
197,בניה,910,יהודים,חילוני
198,בנימינה-גבעת עדה*,15270,יהודים,חילוני
199,"בסמ""ה",11270,מוסלמים,מסורתי
200,בסמת טבעון,8040,מוסלמים,מסורתי
201,בענה,8520,מוסלמים,מסורתי
202,בצרה,1030,יהודים,חילוני
203,בצת,490,יהודים,חילוני
204,בקוע,900,יהודים,מסורתי
205,בקעות,240,יהודים,חילוני
206,בר גיורא,710,יהודים,חילוני
207,בר יוחאי,1130,יהודים,דתי/ דתי מאוד
208,ברוכין,2380,יהודים,דתי/ דתי מאוד
209,ברור חיל,1010,יהודים,חילוני
210,ברוש,600,יהודים,מסורתי
211,ברכה,3280,יהודים,דתי/ דתי מאוד
212,ברכיה,1340,יהודים,דתי/ דתי מאוד
213,ברעם,730,יהודים,חילוני
214,ברק,440,יהודים,מסורתי
215,ברקאי,550,יהודים,חילוני
216,ברקן,2080,יהודים,חילוני
217,ברקת,2110,יהודים,דתי/ דתי מאוד
218,בת הדר,680,יהודים,חילוני
219,בת חן,450,יהודים,חילוני
220,בת חפר,5020,יהודים,חילוני
221,בת ים,128150,יהודים,חילוני
222,בת עין,1770,יהודים,דתי/ דתי מאוד
223,בת שלמה,680,יהודים,חילוני
224,ג'דיידה-מכר,19840,מוסלמים,מסורתי
225,ג'ולס,6540,דרוזים,מסורתי
226,ג'לג'וליה,10500,מוסלמים,מסורתי
227,ג'סר א-זרקא,15420,מוסלמים,מסורתי
228,ג'ש (גוש חלב),3260,נוצרים,חילוני
229,ג'ת,12230,מוסלמים,מסורתי
230,גאולי תימן,390,יהודים,מסורתי
231,גאולים,960,יהודים,חילוני
232,גאליה,1060,יהודים,חילוני
233,גבולות,380,יהודים,חילוני
234,גבים,630,יהודים,חילוני
235,גבע,640,יהודים,חילוני
236,גבע בנימין,5570,יהודים,דתי/ דתי מאוד
237,גבע כרמל,1140,יהודים,חילוני
238,גבעולים,510,יהודים,מסורתי
239,גבעון החדשה,1200,יהודים,מסורתי
240,גבעות בר,1330,יהודים,חילוני
241,גבעת אבני,2140,יהודים,מסורתי
242,גבעת אלה,1840,יהודים,חילוני
243,גבעת ברנר,2530,יהודים,חילוני
244,גבעת השלושה,740,יהודים,חילוני
245,גבעת זאב,22120,יהודים,חרדי
246,"גבעת ח""ן",500,יהודים,חילוני
247,גבעת חיים (איחוד),1260,יהודים,חילוני
248,גבעת חיים (מאוחד),1220,יהודים,חילוני
249,גבעת יואב,740,יהודים,חילוני
250,גבעת יערים,1310,יהודים,חילוני
251,גבעת ישעיהו,740,יהודים,חילוני
252,"גבעת כ""ח",970,יהודים,מסורתי
253,"גבעת ניל""י",650,יהודים,חילוני
254,גבעת עוז,460,יהודים,חילוני
255,גבעת שמואל,27470,יהודים,דתי/ דתי מאוד
256,גבעת שפירא,370,יהודים,חילוני
257,גבעתי,1100,יהודים,מסורתי
258,גבעתיים,58050,יהודים,חילוני
259,גברעם,710,יהודים,חילוני
260,גבת,1080,יהודים,חילוני
261,גדות,440,יהודים,חילוני
262,גדיש,340,יהודים,מסורתי
263,גדעונה,490,יהודים,חילוני
264,גדרה,29260,יהודים,חילוני
265,גונן,410,יהודים,חילוני
266,גורן,470,יהודים,מסורתי
267,גורנות הגליל,290,יהודים,חילוני
268,גזית,820,יהודים,חילוני
269,גזר,400,יהודים,חילוני
270,גיאה,780,יהודים,חילוני
271,גיבתון,400,יהודים,חילוני
272,גיזו,210,יהודים,חילוני
273,גילון,1210,יהודים,חילוני
274,גילת,1620,יהודים,מסורתי
275,גינוסר,740,יהודים,חילוני
276,גיניגר,700,יהודים,חילוני
277,גינתון,1100,יהודים,חילוני
278,גיתה,280,יהודים,חילוני
279,גיתית,520,יהודים,דתי/ דתי מאוד
280,גלאון,700,יהודים,חילוני
281,גלגל,200,יהודים,חילוני
282,גליל ים,600,יהודים,חילוני
283,גלעד (אבן יצחק),600,יהודים,חילוני
284,גמזו,1160,יהודים,דתי/ דתי מאוד
285,גן הדרום,580,יהודים,חילוני
286,גן השומרון,850,יהודים,חילוני
287,גן חיים,720,יהודים,חילוני
288,גן יאשיה,940,יהודים,חילוני
289,גן יבנה,23690,יהודים,חילוני
290,גן נר,2710,יהודים,חילוני
291,גן שורק,320,יהודים,חילוני
292,גן שלמה,630,יהודים,חילוני
293,גן שמואל,1180,יהודים,חילוני
294,גנות,460,יהודים,חילוני
295,גנות הדר,970,יהודים,חילוני
296,גני הדר,370,יהודים,חילוני
297,גני טל,980,יהודים,דתי/ דתי מאוד
298,גני יוחנן,800,יהודים,חילוני
299,גני מודיעין,3160,יהודים,דתי/ דתי מאוד
300,גני עם,270,יהודים,חילוני
301,גני תקווה,23650,יהודים,חילוני
302,געש,910,יהודים,חילוני
303,געתון,700,יהודים,חילוני
304,גפן,460,יהודים,מסורתי
305,גרופית,310,יהודים,חילוני
306,גרים מחוץ ליישובים במחוז דרום,69810,מוסלמים,
307,גשור,300,יהודים,חילוני
308,גשר,450,יהודים,חילוני
309,גשר הזיו,1620,יהודים,חילוני
310,גת (קיבוץ),920,יהודים,חילוני
311,גת רימון,290,יהודים,חילוני
312,דאלית אל-כרמל,17670,דרוזים,מסורתי
313,דבורה,320,יהודים,חילוני
314,דבורייה,10480,מוסלמים,מסורתי
315,דבירה,1080,יהודים,חילוני
316,דברת,590,יהודים,חילוני
317,דגניה א',630,יהודים,חילוני
318,דגניה ב',740,יהודים,חילוני
319,"דוב""ב",490,יהודים,מסורתי
320,דולב,1540,יהודים,דתי/ דתי מאוד
321,דור,460,יהודים,חילוני
322,דורות,830,יהודים,חילוני
323,דחי,650,מוסלמים,מסורתי
324,דייר אל-אסד,12180,מוסלמים,מסורתי
325,דייר חנא,10280,מוסלמים,מסורתי
326,דימונה,37210,יהודים,מסורתי
327,דישון,360,יהודים,מסורתי
328,דלייה,840,יהודים,חילוני
329,דלתון,920,יהודים,מסורתי
330,דמיידה,570,מוסלמים,מסורתי
331,דן,760,יהודים,חילוני
332,דפנה,940,יהודים,חילוני
333,דקל,430,יהודים,חילוני
334,דריג'את,510,מוסלמים,מסורתי
335,האון,150,יהודים,חילוני
336,הבונים,360,יהודים,חילוני
337,הגושרים,1030,יהודים,חילוני
338,הדר עם,820,יהודים,חילוני
339,הוד השרון,65020,יהודים,חילוני
340,הודייה,800,יהודים,מסורתי
341,הושעיה,2060,יהודים,דתי/ דתי מאוד
342,הזורע,1030,יהודים,חילוני
343,הזורעים,1070,יהודים,דתי/ דתי מאוד
344,החותרים,940,יהודים,חילוני
345,היוגב,1000,יהודים,חילוני
346,הילה,540,יהודים,חילוני
347,המעפיל,880,יהודים,חילוני
348,הסוללים,980,יהודים,חילוני
349,העוגן,770,יהודים,חילוני
350,הר אדר,4410,יהודים,חילוני
351,הר גילה,1630,יהודים,חילוני
352,הר עמשא,220,יהודים,חילוני
353,הראל,300,יהודים,חילוני
354,הרדוף,880,יהודים,חילוני
355,הרצלייה,105270,יהודים,חילוני
356,הררית,630,יהודים,חילוני
357,ורד יריחו,410,יהודים,חילוני
358,ורדון,260,יהודים,חילוני
359,זבדיאל,770,יהודים,דתי/ דתי מאוד
360,זוהר,390,יהודים,מסורתי
361,זיקים,880,יהודים,חילוני
362,זיתן,1210,יהודים,מסורתי
363,זכרון יעקב,23510,יהודים,חילוני
364,זכריה,1380,יהודים,מסורתי
365,זמר,7480,מוסלמים,דתי/ דתי מאוד
366,זמרת,760,יהודים,דתי/ דתי מאוד
367,זנוח,530,יהודים,דתי/ דתי מאוד
368,זרועה,480,יהודים,מסורתי
369,זרזיר,8840,מוסלמים,מסורתי
370,זרחיה,830,יהודים,דתי/ דתי מאוד
371,ח'ואלד,730,מוסלמים,מסורתי
372,חבצלת השרון,420,יהודים,חילוני
373,חבר,850,יהודים,חילוני
374,חגור,1170,יהודים,חילוני
375,חגי,800,יהודים,דתי/ דתי מאוד
376,חגלה,760,יהודים,חילוני
377,חד-נס,900,יהודים,חילוני
378,חדיד,1120,יהודים,חילוני
379,חדרה,103850,יהודים,חילוני
380,חולדה,1260,יהודים,חילוני
381,חולון,192660,יהודים,חילוני
382,חולית,220,יהודים,חילוני
383,חולתה,680,יהודים,חילוני
384,חוסן,1220,יהודים,מסורתי
385,חוסנייה,910,מוסלמים,מסורתי
386,חופית,910,יהודים,חילוני
387,חוקוק,670,יהודים,חילוני
388,חורה,20670,מוסלמים,דתי/ דתי מאוד
389,חורפיש,6540,דרוזים,מסורתי
390,חורשים,310,יהודים,חילוני
391,חזון,340,יהודים,מסורתי
392,חיבת ציון,820,יהודים,חילוני
393,חיננית,1540,יהודים,דתי/ דתי מאוד
394,חיפה,289510,יהודים,חילוני
395,חירות,1350,יהודים,חילוני
396,חלוץ,570,יהודים,חילוני
397,חלץ,560,יהודים,מסורתי
398,"חמ""ד",1400,יהודים,דתי/ דתי מאוד
399,חמאם,1740,מוסלמים,אחר
400,חמדיה,450,יהודים,חילוני
401,חמדת,360,יהודים,דתי/ דתי מאוד
402,חמרה,210,יהודים,חילוני
403,חניאל,840,יהודים,חילוני
404,חניתה,780,יהודים,חילוני
405,חנתון,1000,יהודים,חילוני
406,חספין,1880,יהודים,דתי/ דתי מאוד
407,חפץ חיים,670,יהודים,דתי/ דתי מאוד
408,חפצי-בה,810,יהודים,חילוני
409,חצב,1650,יהודים,מסורתי
410,חצבה,1190,יהודים,חילוני
411,חצור הגלילית,10640,יהודים,מסורתי
412,חצור-אשדוד,890,יהודים,חילוני
413,חצרים,990,יהודים,חילוני
414,חרב לאת,820,יהודים,חילוני
415,חרוצים,760,יהודים,חילוני
416,חריש,31730,יהודים,חילוני
417,חרמש,290,יהודים,חילוני
418,חרשים,330,יהודים,חילוני
419,חשמונאים,3330,יהודים,דתי/ דתי מאוד
420,טבריה,48510,יהודים,מסורתי
421,טובא-זנגרייה,6930,מוסלמים,מסורתי
422,טורעאן,14400,מוסלמים,מסורתי
423,טייבה,45070,מוסלמים,מסורתי
424,טייבה (בעמק),2100,מוסלמים,מסורתי
425,טירה,26570,מוסלמים,מסורתי
426,טירת יהודה,1290,יהודים,דתי/ דתי מאוד
427,טירת כרמל,29070,יהודים,חילוני
428,טירת צבי,990,יהודים,דתי/ דתי מאוד
429,טל שחר,1320,יהודים,חילוני
430,טל-אל,1260,יהודים,חילוני
431,טללים,610,יהודים,חילוני
432,טלמון,5280,יהודים,דתי/ דתי מאוד
433,טמרה,35350,מוסלמים,מסורתי
434,טמרה (יזרעאל),1670,מוסלמים,מסורתי
435,טנא,1010,יהודים,דתי/ דתי מאוד
436,טפחות,490,יהודים,דתי/ דתי מאוד
437,יאנוח-ג'ת,6760,דרוזים,מסורתי
438,יבול,420,יהודים,חילוני
439,יבנאל,4560,יהודים,חרדי
440,יבנה,54980,יהודים,חילוני
441,יגור,1540,יהודים,חילוני
442,יגל,1150,יהודים,מסורתי
443,יד בנימין,4190,יהודים,דתי/ דתי מאוד
444,יד השמונה,260,יהודים,אחר
445,יד חנה,940,יהודים,חילוני
446,יד מרדכי,920,יהודים,חילוני
447,יד נתן,660,יהודים,חילוני
448,"יד רמב""ם",1300,יהודים,מסורתי
449,יהוד-מונוסון,30980,יהודים,חילוני
450,יהל,300,יהודים,חילוני
451,יובל,680,יהודים,חילוני
452,יובלים,1220,יהודים,חילוני
453,יודפת,990,יהודים,חילוני
454,יונתן,790,יהודים,דתי/ דתי מאוד
455,יושיביה,770,יהודים,מסורתי
456,יזרעאל,600,יהודים,חילוני
457,יחיעם,810,יהודים,חילוני
458,יטבתה,800,יהודים,חילוני
459,"ייט""ב",190,יהודים,מסורתי
460,יכיני,740,יהודים,מסורתי
461,ינוב,850,יהודים,חילוני
462,ינון,1260,יהודים,מסורתי
463,יסוד המעלה,1970,יהודים,חילוני
464,יסודות,1110,יהודים,חרדי
465,יסעור,860,יהודים,חילוני
466,יעד,720,יהודים,חילוני
467,יעף,280,יהודים,חילוני
468,יערה,810,יהודים,מסורתי
469,יפיע,18110,מוסלמים,מסורתי
470,יפית,280,יהודים,חילוני
471,יפעת,1270,יהודים,חילוני
472,יפתח,660,יהודים,חילוני
473,יצהר,2130,יהודים,דתי/ דתי מאוד
474,יציץ,1000,יהודים,מסורתי
475,יקום,740,יהודים,חילוני
476,יקיר,2540,יהודים,דתי/ דתי מאוד
477,יקנעם (מושבה),1450,יהודים,חילוני
478,יקנעם עילית,23730,יהודים,חילוני
479,יראון,390,יהודים,חילוני
480,ירדנה,500,יהודים,מסורתי
481,ירוחם,11400,יהודים,מסורתי
482,ירושלים,1005920,יהודים,דתי/ דתי מאוד
483,ירחיב,1150,יהודים,מסורתי
484,ירכא,16190,דרוזים,מסורתי
485,ירקונה,380,יהודים,חילוני
486,ישע,650,יהודים,חילוני
487,ישעי,930,יהודים,דתי/ דתי מאוד
488,ישרש,1080,יהודים,מסורתי
489,יתד,780,יהודים,חילוני
490,כאבול,11990,מוסלמים,מסורתי
491,כאוכב אבו אל-היג'א,3980,מוסלמים,מסורתי
492,כברי,1100,יהודים,חילוני
493,כדיתה,170,יהודים,חילוני
494,כוכב השחר,2660,יהודים,דתי/ דתי מאוד
495,כוכב יאיר,9180,יהודים,חילוני
496,כוכב יעקב,10090,יהודים,חרדי
497,כוכב מיכאל,1100,יהודים,חילוני
498,כורזים,420,יהודים,חילוני
499,כחל,500,יהודים,חילוני
500,כחלה,330,מוסלמים,מסורתי
501,כיסופים,350,יהודים,חילוני
502,כישור,210,יהודים,חילוני
503,כליל,860,יהודים,חילוני
504,כלנית,310,יהודים,דתי/ דתי מאוד
505,כמאנה,1560,מוסלמים,מסורתי
506,כמהין,470,דת אחרת,חילוני
507,כמון,710,יהודים,חילוני
508,כנף,500,יהודים,חילוני
509,כנרת (מושבה),660,יהודים,חילוני
510,כנרת (קבוצה),800,יהודים,חילוני
511,כסיפה,18870,מוסלמים,דתי/ דתי מאוד
512,כסלון,520,יהודים,מסורתי
513,כסרא-סמיע,8930,דרוזים,דתי/ דתי מאוד
514,כעביה-טבאש-חג'אג'רה,6170,מוסלמים,מסורתי
515,כפר אביב,760,יהודים,חילוני
516,כפר אדומים,4960,יהודים,דתי/ דתי מאוד
517,כפר אוריה,860,יהודים,חילוני
518,כפר אחים,810,יהודים,חילוני
519,כפר ביאליק,810,יהודים,חילוני
520,"כפר ביל""ו",1190,יהודים,חילוני
521,כפר בלום,930,יהודים,חילוני
522,כפר בן נון,790,יהודים,חילוני
523,כפר ברא,3710,מוסלמים,דתי/ דתי מאוד
524,כפר ברוך,740,יהודים,חילוני
525,כפר גדעון,320,יהודים,דתי/ דתי מאוד
526,כפר גליקסון,390,יהודים,חילוני
527,כפר גלעדי,720,יהודים,חילוני
528,כפר דניאל,640,יהודים,חילוני
529,כפר האורנים,2390,יהודים,חילוני
530,כפר החורש,730,יהודים,חילוני
531,כפר המכבי,460,יהודים,חילוני
532,כפר הנגיד,940,יהודים,חילוני
533,כפר הנשיא,810,יהודים,חילוני
534,כפר הס,1570,יהודים,חילוני
535,"כפר הרא""ה",1360,יהודים,דתי/ דתי מאוד
536,"כפר הרי""ף",840,יהודים,חילוני
537,כפר ויתקין,1970,יהודים,חילוני
538,כפר ורבורג,1240,יהודים,חילוני
539,כפר ורדים,5660,יהודים,חילוני
540,כפר זיתים,700,יהודים,מסורתי
541,"כפר חב""ד",6380,יהודים,חרדי
542,כפר חושן,910,יהודים,מסורתי
543,כפר חיטים,640,יהודים,חילוני
544,כפר חיים,630,יהודים,חילוני
545,כפר חנניה,780,יהודים,חילוני
546,כפר חסידים א',1000,יהודים,חילוני
547,כפר חסידים ב',220,יהודים,דתי/ דתי מאוד
548,כפר חרוב,510,יהודים,חילוני
549,כפר טרומן,840,יהודים,חילוני
550,כפר יאסיף,10570,נוצרים,מסורתי
551,כפר ידידיה,780,יהודים,חילוני
552,כפר יהושע,1230,יהודים,חילוני
553,כפר יונה,28130,יהודים,חילוני
554,כפר יחזקאל,1160,יהודים,חילוני
555,כפר יעבץ,680,יהודים,דתי/ דתי מאוד
556,כפר כמא,3410,מוסלמים,דתי/ דתי מאוד
557,כפר כנא,24260,מוסלמים,מסורתי
558,כפר מונש,910,יהודים,חילוני
559,כפר מימון,900,יהודים,דתי/ דתי מאוד
560,"כפר מל""ל",350,יהודים,חילוני
561,כפר מנדא,21040,מוסלמים,מסורתי
562,כפר מנחם,1340,יהודים,חילוני
563,כפר מסריק,820,יהודים,חילוני
564,כפר מצר,2690,מוסלמים,מסורתי
565,כפר מרדכי,660,יהודים,חילוני
566,כפר נטר,1020,יהודים,חילוני
567,כפר סאלד,720,יהודים,חילוני
568,כפר סבא,100260,יהודים,חילוני
569,כפר סירקין,1450,יהודים,חילוני
570,כפר עזה,900,יהודים,חילוני
571,כפר עציון,1120,יהודים,דתי/ דתי מאוד
572,כפר פינס,720,יהודים,דתי/ דתי מאוד
573,כפר קאסם,26390,מוסלמים,מסורתי
574,כפר קיש,720,יהודים,חילוני
575,כפר קרע,19890,מוסלמים,מסורתי
576,כפר ראש הנקרה,1360,יהודים,חילוני
577,כפר רוזנואלד (זרעית),290,יהודים,מסורתי
578,כפר רופין,550,יהודים,חילוני
579,כפר רות,320,יהודים,חילוני
580,כפר שמאי,630,יהודים,דתי/ דתי מאוד
581,כפר שמואל,960,יהודים,חילוני
582,כפר שמריהו,2080,יהודים,חילוני
583,כפר תבור,4360,יהודים,חילוני
584,כפר תפוח,1590,יהודים,דתי/ דתי מאוד
585,כרכום,500,יהודים,חילוני
586,כרם בן זמרה,610,יהודים,דתי/ דתי מאוד
587,כרם בן שמן,120,יהודים,חילוני
588,"כרם מהר""ל",960,יהודים,חילוני
589,כרם שלום,200,יהודים,חילוני
590,כרמי יוסף,1770,יהודים,חילוני
591,כרמי צור,980,יהודים,דתי/ דתי מאוד
592,כרמי קטיף,710,יהודים,דתי/ דתי מאוד
593,כרמיאל,47450,יהודים,חילוני
594,כרמייה,710,יהודים,חילוני
595,כרמים,510,יהודים,חילוני
596,כרמל,560,יהודים,דתי/ דתי מאוד
597,לבון,710,יהודים,חילוני
598,לביא,630,יהודים,דתי/ דתי מאוד
599,לבנים,470,יהודים,חילוני
600,להב,650,יהודים,חילוני
601,להבות הבשן,930,יהודים,חילוני
602,להבות חביבה,960,יהודים,חילוני
603,להבים,7690,יהודים,חילוני
604,לוד,87430,יהודים,מסורתי
605,לוזית,840,יהודים,חילוני
606,לוחמי הגיטאות,910,יהודים,חילוני
607,לוטם,710,יהודים,חילוני
608,לוטן,230,יהודים,חילוני
609,לימן,780,יהודים,חילוני
610,לכיש,1170,יהודים,חילוני
611,לפיד,2100,יהודים,חילוני
612,לפידות,150,יהודים,מסורתי
613,לקיה,17070,מוסלמים,מסורתי
614,מאור,1600,יהודים,חילוני
615,מבוא ביתר,1080,יהודים,חילוני
616,מבוא דותן,480,יהודים,דתי/ דתי מאוד
617,מבוא חורון,2570,יהודים,דתי/ דתי מאוד
618,מבוא חמה,510,יהודים,חילוני
619,מבוא מודיעים,210,יהודים,דתי/ דתי מאוד
620,מבואות יריחו,410,יהודים,דתי/ דתי מאוד
621,מבועים,1280,יהודים,מסורתי
622,מבטחים,920,יהודים,מסורתי
623,מבקיעים,490,יהודים,חילוני
624,מבשרת ציון,25480,יהודים,חילוני
625,מג'ד אל-כרום,14850,מוסלמים,מסורתי
626,מג'דל שמס,11100,דרוזים,חילוני
627,מגאר,22560,דרוזים,מסורתי
628,מגדים,1240,יהודים,חילוני
629,מגדל,2040,יהודים,מסורתי
630,מגדל העמק,27050,יהודים,חילוני
631,מגדל עוז,570,יהודים,דתי/ דתי מאוד
632,מגדלים,600,יהודים,דתי/ דתי מאוד
633,מגידו,950,יהודים,חילוני
634,מגל,1350,יהודים,חילוני
635,מגן,540,יהודים,חילוני
636,מגן שאול,830,יהודים,מסורתי
637,מגשימים,910,יהודים,חילוני
638,מדרך עוז,870,יהודים,מסורתי
639,מדרשת בן גוריון,1540,יהודים,חילוני
640,מודיעין עילית,83130,יהודים,חרדי
641,מודיעין-מכבים-רעות*,92310,יהודים,חילוני
642,מולדת,1210,יהודים,חילוני
643,מוצא עילית,1620,יהודים,חילוני
644,מוקייבלה,4390,מוסלמים,דתי/ דתי מאוד
645,מורן,440,יהודים,חילוני
646,מורשת,1600,יהודים,דתי/ דתי מאוד
647,מזור,1160,יהודים,חילוני
648,מזכרת בתיה,15860,יהודים,חילוני
649,מזרע,980,יהודים,חילוני
650,מזרעה,3770,מוסלמים,מסורתי
651,מחולה,700,יהודים,דתי/ דתי מאוד
652,מחנה יתיר,280,יהודים,דתי/ דתי מאוד
653,מחניים,880,יהודים,חילוני
654,מחסיה,480,יהודים,דתי/ דתי מאוד
655,מטולה,1870,יהודים,חילוני
656,מטע,890,יהודים,חילוני
657,מי עמי,390,יהודים,חילוני
658,מיטב,560,יהודים,מסורתי
659,מייסר,1930,מוסלמים,דתי/ דתי מאוד
660,מיצר,330,יהודים,חילוני
661,מירב,780,יהודים,דתי/ דתי מאוד
662,מירון,710,יהודים,חרדי
663,מישר,740,יהודים,חילוני
664,מיתר,11210,יהודים,חילוני
665,מכורה,240,יהודים,חילוני
666,מכחול,1810,מוסלמים,מסורתי
667,מכמורת,1300,יהודים,חילוני
668,מכמנים,500,יהודים,חילוני
669,מלאה,390,יהודים,מסורתי
670,מלילות,540,יהודים,מסורתי
671,מלכייה,470,יהודים,חילוני
672,מנוחה,790,יהודים,דתי/ דתי מאוד
673,מנוף,850,יהודים,חילוני
674,מנות,510,יהודים,מסורתי
675,מנחמיה,1180,יהודים,מסורתי
676,מנרה,290,יהודים,חילוני
677,מנשית זבדה,1420,מוסלמים,מסורתי
678,מסד,350,יהודים,חילוני
679,מסדה,330,יהודים,חילוני
680,מסילות,470,יהודים,חילוני
681,מסילת ציון,930,יהודים,חילוני
682,מסלול,850,יהודים,מסורתי
683,מסעדה,4090,דרוזים,חילוני
684,מעברות,960,יהודים,חילוני
685,מעגלים,1290,יהודים,דתי/ דתי מאוד
686,מעגן,820,דת אחרת,חילוני
687,מעגן מיכאל,2070,יהודים,חילוני
688,מעוז חיים,520,יהודים,חילוני
689,מעון,710,יהודים,דתי/ דתי מאוד
690,מעונה,1090,יהודים,חילוני
691,מעיין ברוך,720,יהודים,חילוני
692,מעיין צבי,800,יהודים,חילוני
693,מעיליא,3270,נוצרים,מסורתי
694,מעלה אדומים,36660,יהודים,מסורתי
695,מעלה אפרים,1640,יהודים,חילוני
696,מעלה גלבוע,830,יהודים,דתי/ דתי מאוד
697,מעלה גמלא,650,יהודים,חילוני
698,מעלה החמישה,870,יהודים,חילוני
699,מעלה לבונה,870,יהודים,דתי/ דתי מאוד
700,מעלה מכמש,1970,יהודים,דתי/ דתי מאוד
701,מעלה עירון,14860,מוסלמים,מסורתי
702,מעלה עמוס,960,יהודים,חרדי
703,מעלות-תרשיחא,22720,יהודים,חילוני
704,מענית,870,יהודים,חילוני
705,מעש,910,יהודים,חילוני
706,מפלסים,850,יהודים,חילוני
707,מצדות יהודה,750,יהודים,דתי/ דתי מאוד
708,מצובה,1180,יהודים,חילוני
709,מצליח,1410,יהודים,מסורתי
710,מצפה,170,יהודים,חילוני
711,"מצפה אבי""ב",1070,יהודים,חילוני
712,מצפה אילן,790,יהודים,דתי/ דתי מאוד
713,מצפה יריחו,2670,יהודים,דתי/ דתי מאוד
714,מצפה נטופה,980,יהודים,דתי/ דתי מאוד
715,מצפה רמון,5390,יהודים,חילוני
716,מצפה שלם,260,יהודים,חילוני
717,מצר,450,יהודים,חילוני
718,מרגליות,440,יהודים,מסורתי
719,מרום גולן,790,יהודים,חילוני
720,מרחב עם,620,יהודים,דתי/ דתי מאוד
721,מרחביה (מושב),760,יהודים,חילוני
722,מרחביה (קיבוץ),1320,יהודים,חילוני
723,מרכז שפירא,2430,יהודים,דתי/ דתי מאוד
724,משאבי שדה,770,יהודים,חילוני
725,משגב דב,730,יהודים,חילוני
726,משגב עם,350,יהודים,חילוני
727,משהד,8500,מוסלמים,מסורתי
728,משואה,340,יהודים,חילוני
729,משואות יצחק,690,יהודים,דתי/ דתי מאוד
730,משכיות,360,יהודים,דתי/ דתי מאוד
731,משמר איילון,580,יהודים,חילוני
732,משמר דוד,1290,יהודים,חילוני
733,משמר הירדן,910,יהודים,חילוני
734,משמר הנגב,1100,יהודים,חילוני
735,משמר העמק,1220,יהודים,חילוני
736,משמר השבעה,1050,יהודים,חילוני
737,משמר השרון,680,יהודים,חילוני
738,משמרות,1270,יהודים,חילוני
739,משמרת,1010,יהודים,חילוני
740,משען,1020,יהודים,מסורתי
741,מתן,3290,יהודים,חילוני
742,מתת,210,יהודים,חילוני
743,מתתיהו,1070,יהודים,חרדי
744,נאות גולן,710,יהודים,חילוני
745,נאות הכיכר,400,יהודים,חילוני
746,נאות מרדכי,700,יהודים,חילוני
747,נאות סמדר,240,יהודים,חילוני
748,נאעורה,2340,מוסלמים,מסורתי
749,נבטים,1140,יהודים,מסורתי
750,נגבה,860,יהודים,חילוני
751,נגוהות,470,יהודים,דתי/ דתי מאוד
752,נהורה,1340,יהודים,מסורתי
753,נהלל,1350,יהודים,חילוני
754,נהרייה,63320,יהודים,חילוני
755,נוב,1120,יהודים,דתי/ דתי מאוד
756,נוגה,750,יהודים,מסורתי
757,נווה,1160,יהודים,דתי/ דתי מאוד
758,נווה אור,420,יהודים,חילוני
759,"נווה אטי""ב",220,יהודים,חילוני
760,נווה אילן,970,יהודים,חילוני
761,נווה איתן,220,יהודים,חילוני
762,נווה דניאל,2400,יהודים,דתי/ דתי מאוד
763,נווה זוהר,50,יהודים,חילוני
764,נווה זיו,900,יהודים,חילוני
765,נווה חריף,140,יהודים,חילוני
766,נווה ים,260,יהודים,חילוני
767,נווה ימין,1370,יהודים,חילוני
768,נווה ירק,1230,יהודים,חילוני
769,נווה מבטח,750,יהודים,חילוני
770,נווה מיכאל,910,יהודים,דתי/ דתי מאוד
771,נווה צוף,1310,יהודים,דתי/ דתי מאוד
772,נווה שלום,310,יהודים,חילוני
773,נועם,480,יהודים,מסורתי
774,נוף איילון,2050,יהודים,דתי/ דתי מאוד
775,נוף הגליל,43480,יהודים,חילוני
776,נופים,1180,יהודים,דתי/ דתי מאוד
777,נופית,2470,יהודים,חילוני
778,נופך,680,יהודים,חילוני
779,נוקדים,2790,יהודים,דתי/ דתי מאוד
780,נורדייה,2120,יהודים,חילוני
781,נורית,250,יהודים,חילוני
782,נחושה,1490,יהודים,דתי/ דתי מאוד
783,נחל עוז,550,יהודים,חילוני
784,נחלה,730,יהודים,מסורתי
785,נחליאל,720,יהודים,דתי/ דתי מאוד
786,נחלים,1550,יהודים,דתי/ דתי מאוד
787,נחם,610,יהודים,מסורתי
788,נחף,13450,מוסלמים,מסורתי
789,נחשולים,720,יהודים,חילוני
790,נחשון,580,יהודים,חילוני
791,נחשונים,460,יהודים,חילוני
792,נטועה,330,יהודים,מסורתי
793,נטור,760,יהודים,דתי/ דתי מאוד
794,נטע,830,יהודים,דתי/ דתי מאוד
795,נטעים,770,יהודים,חילוני
796,נטף,480,יהודים,חילוני
797,ניין,1940,מוסלמים,מסורתי
798,"ניל""י",2030,יהודים,חילוני
799,ניצן,2510,יהודים,דתי/ דתי מאוד
800,ניצן ב',530,יהודים,דתי/ דתי מאוד
801,ניצני סיני,760,דת אחרת,חילוני
802,ניצני עוז,1230,יהודים,חילוני
803,ניצנים,700,יהודים,חילוני
804,ניר אליהו,570,יהודים,חילוני
805,ניר בנים,820,יהודים,חילוני
806,ניר גלים,1220,יהודים,דתי/ דתי מאוד
807,ניר דוד (תל עמל),820,יהודים,חילוני
808,"ניר ח""ן",680,יהודים,חילוני
809,ניר יפה,660,יהודים,חילוני
810,ניר יצחק,580,יהודים,חילוני
811,ניר ישראל,880,יהודים,חילוני
812,ניר משה,550,יהודים,חילוני
813,ניר עוז,480,יהודים,חילוני
814,ניר עם,570,יהודים,חילוני
815,ניר עציון,790,יהודים,דתי/ דתי מאוד
816,ניר עקיבא,760,יהודים,חילוני
817,ניר צבי,1150,יהודים,חילוני
818,נירים,440,יהודים,חילוני
819,נירית,1040,יהודים,חילוני
820,נס הרים,1350,יהודים,מסורתי
821,נס עמים,460,יהודים,חילוני
822,נס ציונה,47620,יהודים,חילוני
823,נעלה,2620,יהודים,חילוני
824,"נעמ""ה",240,יהודים,חילוני
825,נען,1800,יהודים,חילוני
826,נערן,130,יהודים,חילוני
827,נצר חזני,590,יהודים,דתי/ דתי מאוד
828,נצר סרני,1040,יהודים,חילוני
829,נצרת,77290,מוסלמים,מסורתי
830,נשר,22910,יהודים,חילוני
831,נתיב הגדוד,230,יהודים,חילוני
832,"נתיב הל""ה",660,יהודים,חילוני
833,נתיב העשרה,1280,יהודים,חילוני
834,נתיב השיירה,510,יהודים,חילוני
835,נתיבות,45020,יהודים,חרדי
836,נתניה,223920,יהודים,חילוני
837,סאג'ור,4150,דרוזים,מסורתי
838,סאסא,440,יהודים,חילוני
839,סביון*,4490,יהודים,חילוני
840,סגולה,670,יהודים,חילוני
841,סואעד (חמרייה)*,250,מוסלמים,דתי/ דתי מאוד
842,סולם,2830,מוסלמים,מסורתי
843,סוסיה,1450,יהודים,דתי/ דתי מאוד
844,סופה,210,יהודים,חילוני
845,סח'נין,32350,מוסלמים,מסורתי
846,סלמה,3670,מוסלמים,דתי/ דתי מאוד
847,סלעית,1390,יהודים,חילוני
848,סמר,240,יהודים,חילוני
849,סנסנה,780,יהודים,דתי/ דתי מאוד
850,סעד,960,יהודים,דתי/ דתי מאוד
851,סעוה,4860,מוסלמים,
852,סער,900,יהודים,חילוני
853,ספיר,500,יהודים,חילוני
854,סתרייה,1110,יהודים,חילוני
855,ע'ג'ר,2630,מוסלמים,מסורתי
856,עבדון,710,יהודים,מסורתי
857,עברון,910,יהודים,חילוני
858,עגור,430,יהודים,מסורתי
859,עדי,1830,יהודים,חילוני
860,עדנים,440,יהודים,חילוני
861,עוזה,500,יהודים,דתי/ דתי מאוד
862,עוזייר,3350,מוסלמים,מסורתי
863,עולש,1300,יהודים,חילוני
864,עומר,8250,יהודים,חילוני
865,עופר,590,יהודים,חילוני
866,עוצם,850,יהודים,דתי/ דתי מאוד
867,עזוז,110,יהודים,חילוני
868,עזר,740,יהודים,חילוני
869,עזריאל,1040,יהודים,דתי/ דתי מאוד
870,עזריה,1310,יהודים,מסורתי
871,עזריקם,1620,יהודים,מסורתי
872,עטרת,650,יהודים,דתי/ דתי מאוד
873,עידן,740,יהודים,חילוני
874,עיילבון,5780,נוצרים,מסורתי
875,עילוט,8560,מוסלמים,מסורתי
876,עין איילה,1200,יהודים,חילוני
877,עין אל-אסד,930,דרוזים,מסורתי
878,עין גב,590,יהודים,חילוני
879,עין גדי,580,יהודים,חילוני
880,עין דור,1160,יהודים,חילוני
881,עין הבשור,1450,יהודים,חילוני
882,עין הוד,640,יהודים,חילוני
883,עין החורש,870,יהודים,חילוני
884,עין המפרץ,850,יהודים,חילוני
885,"עין הנצי""ב",680,יהודים,דתי/ דתי מאוד
886,עין העמק,800,יהודים,מסורתי
887,עין השופט,950,יהודים,חילוני
888,עין השלושה,410,יהודים,חילוני
889,עין ורד,1690,יהודים,חילוני
890,עין זיוון,510,יהודים,חילוני
891,עין חוד,320,מוסלמים,מסורתי
892,עין חרוד (איחוד),600,יהודים,חילוני
893,עין חרוד (מאוחד),820,יהודים,חילוני
894,עין יהב,1420,יהודים,חילוני
895,עין יעקב,1210,יהודים,מסורתי
896,עין כרמל,810,יהודים,חילוני
897,עין מאהל,13480,מוסלמים,מסורתי
898,עין נקובא,3550,מוסלמים,דתי/ דתי מאוד
899,עין עירון,610,יהודים,חילוני
900,עין צורים,860,יהודים,דתי/ דתי מאוד
901,עין קנייא,2360,דרוזים,מסורתי
902,עין ראפה,1410,מוסלמים,דתי/ דתי מאוד
903,עין שמר,810,יהודים,חילוני
904,עין שריד,1490,יהודים,חילוני
905,עין תמר,330,יהודים,חילוני
906,עינת,880,יהודים,חילוני
907,עכו,50560,יהודים,חילוני
908,עלומים,570,יהודים,דתי/ דתי מאוד
909,עלי,4700,יהודים,דתי/ דתי מאוד
910,עלי זהב,4680,יהודים,דתי/ דתי מאוד
911,עלמה,890,יהודים,מסורתי
912,עלמון,1510,יהודים,חילוני
913,עמוקה,150,יהודים,חילוני
914,עמיחי,330,יהודים,דתי/ דתי מאוד
915,עמינדב,960,יהודים,חילוני
916,עמיעד,540,יהודים,חילוני
917,עמיעוז,570,דת אחרת,מסורתי
918,עמיקם,770,יהודים,חילוני
919,עמיר,670,יהודים,חילוני
920,עמנואל,4860,יהודים,חרדי
921,עמקה,910,יהודים,מסורתי
922,ענב,1040,יהודים,דתי/ דתי מאוד
923,עספיא,13060,דרוזים,מסורתי
924,עפולה,60830,יהודים,חילוני
925,עפרה,3190,יהודים,דתי/ דתי מאוד
926,עץ אפרים,2780,יהודים,דתי/ דתי מאוד
927,עצמון שגב,1200,יהודים,חילוני
928,עראבה,26120,מוסלמים,מסורתי
929,עראמשה*,1670,מוסלמים,מסורתי
930,ערב אל נעים,810,מוסלמים,מסורתי
931,ערד,27590,יהודים,חילוני
932,ערוגות,1230,יהודים,חילוני
933,ערערה,19920,מוסלמים,מסורתי
934,ערערה-בנגב,19540,מוסלמים,מסורתי
935,עשרת,1060,יהודים,חילוני
936,עתלית,10660,יהודים,חילוני
937,עתניאל,980,יהודים,דתי/ דתי מאוד
938,פארן,1080,דת אחרת,חילוני
939,פדואל,2180,יהודים,דתי/ דתי מאוד
940,פדויים,490,יהודים,מסורתי
941,פדיה,950,יהודים,מסורתי
942,פוריידיס,13110,מוסלמים,מסורתי
943,פורייה - כפר עבודה,320,יהודים,מסורתי
944,פורייה - נווה עובד,1520,יהודים,מסורתי
945,פורייה עילית,1360,יהודים,חילוני
946,פורת,1480,יהודים,דתי/ דתי מאוד
947,פטיש,1100,יהודים,מסורתי
948,פלך,210,יהודים,חילוני
949,פלמחים,830,יהודים,חילוני
950,פני חבר,590,יהודים,דתי/ דתי מאוד
951,פסגות,2170,יהודים,דתי/ דתי מאוד
952,פסוטה,3360,נוצרים,מסורתי
953,"פעמי תש""ז",640,יהודים,מסורתי
954,פצאל,490,יהודים,חילוני
955,פקיעין (בוקייעה),5920,דרוזים,מסורתי
956,פקיעין חדשה,690,יהודים,מסורתי
957,פרדס חנה-כרכור,44160,יהודים,חילוני
958,פרדסייה,7740,יהודים,חילוני
959,פרוד,620,יהודים,חילוני
960,פרזון,440,יהודים,מסורתי
961,פרי גן,330,יהודים,חילוני
962,פתח תקווה,264050,יהודים,חילוני
963,פתחיה,930,יהודים,מסורתי
964,צאלים,490,יהודים,חילוני
965,צביה,280,יהודים,חילוני
966,צבעון,390,יהודים,חילוני
967,צובה,580,יהודים,חילוני
968,צוחר,630,יהודים,מסורתי
969,צופים,2410,יהודים,דתי/ דתי מאוד
970,צופית,1130,יהודים,חילוני
971,צופר,820,יהודים,חילוני
972,צוקי ים,230,יהודים,חילוני
973,צוקים,330,יהודים,חילוני
974,צור הדסה,10410,יהודים,חילוני
975,צור יצחק,7300,יהודים,חילוני
976,צור משה,2840,יהודים,חילוני
977,צור נתן,280,יהודים,חילוני
978,צוריאל,500,יהודים,מסורתי
979,צורית,930,יהודים,חילוני
980,ציפורי,1140,יהודים,חילוני
981,צלפון,1100,יהודים,דתי/ דתי מאוד
982,צנדלה,1740,מוסלמים,דתי/ דתי מאוד
983,צפרייה,1080,יהודים,דתי/ דתי מאוד
984,צפרירים,450,יהודים,חילוני
985,צפת,37800,יהודים,חרדי
986,צרופה,1280,יהודים,חילוני
987,צרעה,890,יהודים,חילוני
988,קבוצת יבנה,1060,יהודים,דתי/ דתי מאוד
989,קדומים,4470,יהודים,דתי/ דתי מאוד
990,קדימה-צורן,22150,יהודים,חילוני
991,קדמת צבי,640,יהודים,חילוני
992,קדר,1550,יהודים,מסורתי
993,קדרון,1630,יהודים,חילוני
994,קדרים,280,יהודים,חילוני
995,קוממיות,460,יהודים,חרדי
996,קורנית,890,יהודים,חילוני
997,קטורה,520,יהודים,חילוני
998,קיסריה,5380,יהודים,חילוני
999,קלחים,640,יהודים,מסורתי
1000,קליה,520,יהודים,חילוני
1001,קלנסווה,23950,מוסלמים,מסורתי
1002,קלע,400,יהודים,חילוני
1003,קציר,2660,יהודים,חילוני
1004,קצר א-סר,3160,מוסלמים,מסורתי
1005,קצרין,7630,יהודים,חילוני
1006,קריית אונו,41540,יהודים,חילוני
1007,קריית ארבע,7440,יהודים,דתי/ דתי מאוד
1008,קריית אתא,60460,יהודים,חילוני
1009,קריית ביאליק,44810,יהודים,חילוני
1010,קריית גת,63390,יהודים,מסורתי
1011,קריית טבעון,17940,יהודים,חילוני
1012,קריית ים,38910,יהודים,חילוני
1013,קריית יערים,7160,יהודים,חרדי
1014,קריית מוצקין,49060,יהודים,חילוני
1015,קריית מלאכי,26360,יהודים,מסורתי
1016,קריית נטפים,890,יהודים,דתי/ דתי מאוד
1017,קריית ענבים,300,יהודים,חילוני
1018,קריית עקרון,11430,יהודים,מסורתי
1019,קריית שמונה,23080,יהודים,מסורתי
1020,קרני שומרון,10100,יהודים,דתי/ דתי מאוד
1021,קשת,860,יהודים,דתי/ דתי מאוד
1022,ראמה,8470,נוצרים,חילוני
1023,ראס אל-עין,450,מוסלמים,מסורתי
1024,ראס עלי,760,מוסלמים,מסורתי
1025,ראש העין,74570,יהודים,חילוני
1026,ראש פינה,3350,יהודים,חילוני
1027,ראש צורים,1070,יהודים,דתי/ דתי מאוד
1028,ראשון לציון,252410,יהודים,חילוני
1029,רבבה,3030,יהודים,דתי/ דתי מאוד
1030,רבדים,880,יהודים,חילוני
1031,רביבים,860,יהודים,חילוני
1032,רביד,120,יהודים,חילוני
1033,רגבה,1090,יהודים,חילוני
1034,רגבים,630,יהודים,חילוני
1035,רהט,71360,מוסלמים,דתי/ דתי מאוד
1036,רווחה,650,יהודים,דתי/ דתי מאוד
1037,רוויה,470,יהודים,מסורתי
1038,רוחמה,750,יהודים,חילוני
1039,רומאנה,1340,מוסלמים,מסורתי
1040,רומת הייב,2470,מוסלמים,מסורתי
1041,רועי,140,יהודים,חילוני
1042,רותם,290,יהודים,דתי/ דתי מאוד
1043,רחוב,550,יהודים,מסורתי
1044,רחובות,150470,יהודים,חילוני
1045,רחלים,1020,יהודים,דתי/ דתי מאוד
1046,ריחאנייה,1160,מוסלמים,מסורתי
1047,ריחן,440,יהודים,חילוני
1048,ריינה,17050,מוסלמים,מסורתי
1049,רימונים,710,יהודים,חילוני
1050,רינתיה,1240,יהודים,חילוני
1051,רכסים,13910,יהודים,חרדי
1052,רם-און,930,יהודים,חילוני
1053,רמות,840,יהודים,חילוני
1054,רמות השבים,1600,יהודים,חילוני
1055,רמות מאיר,680,יהודים,חילוני
1056,רמות מנשה,1300,יהודים,חילוני
1057,רמות נפתלי,510,יהודים,חילוני
1058,רמלה,81130,יהודים,מסורתי
1059,רמת גן,165160,יהודים,חילוני
1060,רמת דוד,660,יהודים,חילוני
1061,רמת הכובש,1050,יהודים,חילוני
1062,רמת השופט,1110,יהודים,חילוני
1063,רמת השרון,48990,יהודים,חילוני
1064,רמת יוחנן,1080,יהודים,חילוני
1065,רמת ישי,7880,יהודים,חילוני
1066,רמת מגשימים,770,יהודים,דתי/ דתי מאוד
1067,רמת צבי,780,יהודים,חילוני
1068,רמת רזיאל,690,יהודים,חילוני
1069,רמת רחל,600,יהודים,חילוני
1070,רנן,830,יהודים,מסורתי
1071,רעים,480,יהודים,חילוני
1072,רעננה,80150,יהודים,חילוני
1073,רקפת,980,יהודים,חילוני
1074,רשפון,1330,יהודים,חילוני
1075,רשפים,1130,יהודים,חילוני
1076,רתמים,700,יהודים,דתי/ דתי מאוד
1077,שאר ישוב,610,יהודים,חילוני
1078,שבי דרום,500,יהודים,דתי/ דתי מאוד
1079,שבי ציון,1290,יהודים,חילוני
1080,שבי שומרון,1050,יהודים,דתי/ דתי מאוד
1081,שבלי - אום אל-גנם,6280,מוסלמים,דתי/ דתי מאוד
1082,שגב-שלום,14650,מוסלמים,מסורתי
1083,שדה אילן,710,יהודים,דתי/ דתי מאוד
1084,שדה אליהו,710,יהודים,דתי/ דתי מאוד
1085,שדה אליעזר,970,יהודים,חילוני
1086,שדה בוקר,510,יהודים,חילוני
1087,שדה דוד,770,יהודים,מסורתי
1088,שדה ורבורג,1380,יהודים,חילוני
1089,שדה יואב,610,יהודים,חילוני
1090,שדה יעקב,1120,יהודים,דתי/ דתי מאוד
1091,שדה יצחק,750,יהודים,חילוני
1092,שדה משה,670,יהודים,חילוני
1093,שדה נחום,1040,יהודים,חילוני
1094,שדה נחמיה,1180,יהודים,חילוני
1095,שדה ניצן,560,יהודים,חילוני
1096,שדה עוזיהו,1610,יהודים,מסורתי
1097,שדה צבי,750,יהודים,חילוני
1098,שדות ים,1140,יהודים,חילוני
1099,שדות מיכה,380,יהודים,מסורתי
1100,שדי אברהם,450,יהודים,חילוני
1101,שדי חמד,1050,יהודים,חילוני
1102,שדי תרומות,560,יהודים,מסורתי
1103,שדמה,470,יהודים,חילוני
1104,שדמות דבורה,790,יהודים,חילוני
1105,שדמות מחולה,680,יהודים,דתי/ דתי מאוד
1106,שדרות,31110,יהודים,מסורתי
1107,שואבה,620,יהודים,חילוני
1108,שובה,910,יהודים,דתי/ דתי מאוד
1109,שובל,1010,יהודים,חילוני
1110,שוהם,21170,יהודים,חילוני
1111,שומרה,410,יהודים,מסורתי
1112,שומרייה,850,יהודים,דתי/ דתי מאוד
1113,שוקדה,690,יהודים,דתי/ דתי מאוד
1114,שורש,1360,יהודים,חילוני
1115,שורשים,540,יהודים,חילוני
1116,שושנת העמקים,460,יהודים,חילוני
1117,שזור,360,יהודים,מסורתי
1118,שחר,840,יהודים,מסורתי
1119,שחרות,170,יהודים,חילוני
1120,שיבולים,390,יהודים,מסורתי
1121,שיזף,100,יהודים,דתי/ דתי מאוד
1122,שייח' דנון,2850,מוסלמים,מסורתי
1123,שילה,5260,יהודים,דתי/ דתי מאוד
1124,שילת,850,יהודים,חילוני
1125,שכניה,730,יהודים,חילוני
1126,שלווה,650,יהודים,דתי/ דתי מאוד
1127,שלוחות,480,יהודים,דתי/ דתי מאוד
1128,שלומי,7500,יהודים,חילוני
1129,שלומית,490,יהודים,דתי/ דתי מאוד
1130,שמיר,800,יהודים,חילוני
1131,שמעה,910,יהודים,דתי/ דתי מאוד
1132,שמרת,730,יהודים,חילוני
1133,שמשית,2270,יהודים,חילוני
1134,שני,480,יהודים,חילוני
1135,שניר,700,יהודים,חילוני
1136,שעב,7440,מוסלמים,מסורתי
1137,שעל,420,יהודים,חילוני
1138,שעלבים,1630,יהודים,דתי/ דתי מאוד
1139,שער אפרים,1990,יהודים,חילוני
1140,שער הגולן,620,יהודים,חילוני
1141,שער העמקים,800,יהודים,חילוני
1142,שערי תקווה,5790,יהודים,חילוני
1143,שפיים,1460,יהודים,חילוני
1144,שפיר,1030,יהודים,דתי/ דתי מאוד
1145,שפר,480,יהודים,מסורתי
1146,שפרעם,42710,מוסלמים,מסורתי
1147,שקד,1100,יהודים,חילוני
1148,שקף,570,יהודים,חילוני
1149,שרונה,700,יהודים,חילוני
1150,שריגים (לי-און),940,יהודים,חילוני
1151,שריד,970,יהודים,חילוני
1152,שרשרת,500,יהודים,דתי/ דתי מאוד
1153,שתולה,340,יהודים,מסורתי
1154,שתולים,2210,יהודים,מסורתי
1155,תאשור,430,יהודים,חילוני
1156,תדהר,750,יהודים,מסורתי
1157,תובל,350,יהודים,חילוני
1158,תומר,430,יהודים,חילוני
1159,תושייה,450,יהודים,דתי/ דתי מאוד
1160,תימורים,750,יהודים,חילוני
1161,תירוש,490,יהודים,דתי/ דתי מאוד
1162,תל אביב -יפו,492870,יהודים,חילוני
1163,תל יוסף,520,יהודים,חילוני
1164,תל יצחק,970,יהודים,חילוני
1165,תל מונד,14110,יהודים,חילוני
1166,תל עדשים,1370,יהודים,חילוני
1167,תל קציר,510,יהודים,חילוני
1168,תל שבע,22760,מוסלמים,דתי/ דתי מאוד
1169,תל תאומים,550,יהודים,דתי/ דתי מאוד
1170,תלם,520,יהודים,דתי/ דתי מאוד
1171,תלמי אליהו,400,יהודים,חילוני
1172,תלמי אלעזר,920,יהודים,חילוני
1173,"תלמי ביל""ו",560,יהודים,מסורתי
1174,תלמי יוסף,540,יהודים,חילוני
1175,תלמי יחיאל,930,יהודים,חילוני
1176,תלמי יפה,660,יהודים,חילוני
1177,תלמים,910,יהודים,דתי/ דתי מאוד
1178,תמרת,1310,יהודים,חילוני
1179,תנובות,950,יהודים,מסורתי
1180,תעוז,680,יהודים,מסורתי
1181,תפרח,2240,יהודים,חרדי
1182,תקומה,820,יהודים,דתי/ דתי מאוד
1183,תקוע,4600,יהודים,דתי/ דתי מאוד
1184,תרבין א-צאנע (יישוב)*,950,מוסלמים,
1185,תרום,950,יהודים,דתי/ דתי מאוד
